timestamp,sender,recipient,subject,status
2026-08-13 22:32:10,Irtazakhalidll@gmail.com,Irtazakhalidll@gmail.com,Experienced Cross-Platform Mobile Developer available for Test Company,Success
2026-08-13 22:35:01,Irtazakhalidll@gmail.com,support@f6s.com,Experienced Cross-Platform Mobile Developer available for F6s,Success
2026-08-13 22:35:34,Irtazakhalidll@gmail.com,support@gcsc.online,Experienced Cross-Platform Mobile Developer available for Gcscexpress,Success
2026-08-13 22:46:12,Irtazakhalidll@gmail.com,driver_support@gocurb.com,Mobile App Idea for Curb | Flutter Developer Intro,Success
2026-08-13 22:46:37,Irtazakhalidll@gmail.com,social@ztrip.com,Mobile App Idea for WHC Worldwide | Flutter Developer Intro,Success
2026-08-13 22:47:00,Irtazakhalidll@gmail.com,booking@limos.com,Mobile App Idea for Limos.com | Flutter Developer Intro,Success
2026-08-13 22:50:37,Irtazakhalidll@gmail.com,support@twc.health,Experienced Cross-Platform Mobile Developer available for Twc,Success
2026-08-13 22:51:02,Irtazakhalidll@gmail.com,info@happyhealthwellness.com,Experienced Cross-Platform Mobile Developer available for Home,Success
2026-08-13 22:51:26,Irtazakhalidll@gmail.com,chp@ccf.org,Experienced Cross-Platform Mobile Developer available for Cleveland Clinic,Success
2026-08-13 22:51:53,Irtazakhalidll@gmail.com,info@pccwellness.org,Experienced Cross-Platform Mobile Developer available for Home,Success
2026-08-13 22:52:16,Irtazakhalidll@gmail.com,info@next-health.com,Experienced Cross-Platform Mobile Developer available for Next Health,Success
2026-08-13 22:52:41,Irtazakhalidll@gmail.com,myclinicasupport@clinica.org,Experienced Cross-Platform Mobile Developer available for Clinica Family Health & Wellness,Success
2026-08-13 22:53:04,Irtazakhalidll@gmail.com,contact+anon@medicaltourism.review,Experienced Cross-Platform Mobile Developer available for Medicaltourism,Success
2026-08-13 22:53:28,Irtazakhalidll@gmail.com,hello@tohelpeveryone.org,Experienced Cross-Platform Mobile Developer available for Tohelpeveryone,Success
2026-08-13 22:53:51,Irtazakhalidll@gmail.com,filler@godaddy.com,Experienced Cross-Platform Mobile Developer available for nwc.health,Success
